Ciclo,Curso,Nome,Apelido1,Apelido2,Data_nacemento
SMR,SMR1,Florence,Mcdaniel,Richardson,29/09/1997
SMR,SMR1,Ria,Medina,Deleon,06/09/2002
SMR,SMR1,Kelly,Meyer,Eaton,25/03/1976
SMR,SMR1,Akeem,Espinoza,Erickson,21/04/1995
SMR,SMR1,Dolan,Hartman,Crosby,07/02/1977
SMR,SMR1,Jorden,Norman,Moody,24/12/1986
SMR,SMR1,Alvin,Cohen,Wilcox,22/10/1978
SMR,SMR1,Channing,Camacho,Williams,31/07/1991
SMR,SMR1,Shoshana,Shaffer,Stanton,03/04/1983
SMR,SMR1,Rashad,Lane,Dunlap,20/12/1999
SMR,SMR1,Lisandra,Cohen,Riggs,28/10/1977
SMR,SMR1,Tatiana,Pugh,Terrell,10/06/1993
SMR,SMR1,Orlando,Wynn,Barrett,16/10/1992
SMR,SMR1,Georgia,Mendoza,Little,26/09/1995
SMR,SMR1,Charlotte,Mcintosh,Conway,17/04/1984
SMR,SMR1,Lysandra,Holland,Jensen,11/12/1986
SMR,SMR1,Emily,Evans,Palmer,07/06/1987
SMR,SMR1,Shelley,Witt,Garza,04/02/1990
SMR,SMR1,Baxter,Serrano,Hardin,05/07/1970
SMR,SMR1,Walter,Wilson,Mejia,26/07/1999
SMR,SMR1,Genevieve,Chaney,Reynolds,20/02/1989
SMR,SMR1,Lenore,Bryan,Clark,02/12/1996
SMR,SMR1,Dexter,Fox,Wolf,07/04/1998
SMR,SMR1,Sylvester,Santos,Stevens,23/08/1983
SMR,SMR1,Todd,Juarez,Alvarez,05/01/2001
SMR,SMR2,Lana,Puckett,Marsh,15/12/2001
SMR,SMR2,Melinda,Welch,Norton,30/12/1969
SMR,SMR2,Jordan,Crane,Hinton,29/09/1990
SMR,SMR2,Winter,Chandler,Russell,20/02/1978
SMR,SMR2,Jonah,Shepard,Burton,27/07/1973
SMR,SMR2,Callie,Wheeler,Watts,04/06/1972
SMR,SMR2,Darryl,Matthews,Herring,21/10/1986
SMR,SMR2,Ariana,Leach,Rosa,31/12/1995
SMR,SMR2,Leah,Stephens,Sherman,14/10/1985
SMR,SMR2,Paki,Yates,Ratliff,19/03/1994
SMR,SMR2,Indira,Fitzpatrick,Martin,15/07/1982
SMR,SMR2,Russell,Branch,Moran,18/06/1994
SMR,SMR2,Wang,Mejia,Soto,09/12/2001
SMR,SMR2,Keaton,Doyle,Swanson,08/11/1990
SMR,SMR2,Daphne,Coffey,Terrell,03/08/1970
SMR,SMR2,Yuri,Noel,Chavez,14/04/1972
SMR,SMR2,Suki,Stokes,Workman,24/06/1991
SMR,SMR2,Vladimir,Bullock,Erickson,07/12/1988
SMR,SMR2,Germaine,Duncan,Carlson,16/02/1985
SMR,SMR2,George,Hickman,Berry,24/03/1997
SMR,SMR2,Hayden,Wright,Odom,29/04/1982
SMR,SMR2,Emi,Bowen,Landry,03/06/1986
SMR,SMR2,Daquan,Bush,Wagner,11/08/2000
SMR,SMR2,Naomi,Rosa,Kelley,15/11/1988
SMR,SMR2,Uriah,Grant,Joyner,22/01/2000
ASIR,ASIR1,Yolanda,Preston,Gonzalez,07/09/1989
ASIR,ASIR1,Kennedy,York,Green,14/07/1976
ASIR,ASIR1,Zena,Delaney,Suarez,02/06/1984
ASIR,ASIR1,Pandora,Gonzales,Hernandez,30/06/1971
ASIR,ASIR1,Noel,Thompson,Clay,17/10/1995
ASIR,ASIR1,Charissa,Stevens,Porter,29/12/1970
ASIR,ASIR1,Anthony,Cunningham,Copeland,10/01/1984
ASIR,ASIR1,Ingrid,Bowman,Terry,28/08/1984
ASIR,ASIR1,Sandra,Wyatt,Pollard,15/01/1991
ASIR,ASIR1,Kirk,Smith,Cantrell,11/05/1979
ASIR,ASIR1,Arthur,Jennings,Davidson,20/04/1975
ASIR,ASIR1,Anika,Terrell,Bowman,26/08/1987
ASIR,ASIR1,Armando,Mcneil,Gamble,26/02/1978
ASIR,ASIR1,Lilah,Mooney,Valenzuela,25/12/1979
ASIR,ASIR1,Ashely,Miranda,Carroll,22/02/1999
ASIR,ASIR1,Sheila,Pennington,Bonner,14/02/1983
ASIR,ASIR1,Carissa,Burks,Velazquez,02/10/1971
ASIR,ASIR1,Colton,Mckenzie,Boyer,29/01/1983
ASIR,ASIR1,Sophia,Buck,Joyner,18/05/1988
ASIR,ASIR1,Maggie,Woodward,Christensen,17/12/1972
ASIR,ASIR1,Kimberley,Patrick,Mcintosh,02/12/1973
ASIR,ASIR1,Winter,Armstrong,Gilliam,15/02/1986
ASIR,ASIR1,Angela,Wilson,Everett,09/07/1994
ASIR,ASIR1,Bree,Vincent,Shaffer,22/12/1997
ASIR,ASIR1,Yolanda,Mejia,Flores,27/02/1994
ASIR,ASIR2,Karen,Porter,Vaughan,17/06/1995
ASIR,ASIR2,Hermione,Sargent,Barlow,27/02/1980
ASIR,ASIR2,Jade,Santos,Briggs,16/11/1998
ASIR,ASIR2,Caldwell,Woodward,Gill,25/01/1976
ASIR,ASIR2,Kai,Reid,Webb,09/02/2001
ASIR,ASIR2,Nasim,Rutledge,Gibbs,05/03/1983
ASIR,ASIR2,Kevyn,Pittman,Keller,08/05/1995
ASIR,ASIR2,Allen,Orr,Hudson,05/04/1991
ASIR,ASIR2,Daquan,Blanchard,Ortega,05/04/1980
ASIR,ASIR2,Katell,Barnett,Mcknight,05/02/1993
ASIR,ASIR2,Dorothy,Padilla,Roman,20/07/1970
ASIR,ASIR2,Peter,Lambert,Boone,16/01/1970
ASIR,ASIR2,Elton,Witt,Osborn,12/03/1986
ASIR,ASIR2,Karina,Wiggins,Holman,04/05/1995
ASIR,ASIR2,Jamalia,Hess,Mooney,22/11/1981
ASIR,ASIR2,Minerva,Odom,Vazquez,16/08/1970
ASIR,ASIR2,Dane,Reese,Ewing,17/04/1981
ASIR,ASIR2,Vivian,Huffman,Taylor,08/11/1977
ASIR,ASIR2,Ariel,England,Estes,22/08/1990
ASIR,ASIR2,Zenaida,Carroll,Klein,18/02/1992
ASIR,ASIR2,Kennedy,Combs,Duran,20/05/1985
ASIR,ASIR2,Rebekah,Waller,Cherry,19/05/1971
ASIR,ASIR2,Kane,Wiggins,Workman,09/04/1980
ASIR,ASIR2,Cassady,Vang,Freeman,15/03/1992
ASIR,ASIR2,Solomon,Owen,Perry,21/03/1994